[
    {
        "X":"AE ",
        "Y":7.5198889917
    },
    {
        "X":"BB ",
        "Y":8.4027954257
    },
    {
        "X":"CE ",
        "Y":7.245014245
    },
    {
        "X":"CH ",
        "Y":8.0819095046
    },
    {
        "X":"CL ",
        "Y":6.7041325826
    },
    {
        "X":"CM ",
        "Y":6.6592592593
    },
    {
        "X":"CS ",
        "Y":7.6560148057
    },
    {
        "X":"DH ",
        "Y":7.5764705882
    },
    {
        "X":"DS ",
        "Y":8.8466257669
    },
    {
        "X":"EE ",
        "Y":7.752888127
    },
    {
        "X":"EN ",
        "Y":7.3972972973
    },
    {
        "X":"ENT",
        "Y":8.6579261025
    },
    {
        "X":"EC ",
        "Y":7.5797001153
    },
    {
        "X":"ES ",
        "Y":7.1325706595
    },
    {
        "X":"ET ",
        "Y":9.0737327189
    },
    {
        "X":"ETS",
        "Y":0.0
    },
    {
        "X":"GNR",
        "Y":7.8349900596
    },
    {
        "X":"GP ",
        "Y":8.2000858124
    },
    {
        "X":"HS ",
        "Y":7.6143481089
    },
    {
        "X":"LE",
        "Y":0.0
    },
    {
        "X":"DE ",
        "Y":8.2927656949
    },
    {
        "X":"IE ",
        "Y":7.0285714286
    },
    {
        "X":"MA ",
        "Y":6.4245264533
    },
    {
        "X":"ME ",
        "Y":7.9086442077
    },
    {
        "X":"MG ",
        "Y":7.945266864
    },
    {
        "X":"MM ",
        "Y":7.5185503263
    },
    {
        "X":"MS",
        "Y":0.0
    },
    {
        "X":"PH ",
        "Y":7.3630617978
    },
    {
        "X":"PS ",
        "Y":8.4488636364
    },
    {
        "X":"SC ",
        "Y":7.2364729459
    },
    {
        "X":"TD",
        "Y":0.0
    },
    {
        "X":"US ",
        "Y":0.0
    }
]