[
    {
        "X":"AE ",
        "Y":6.7697133586
    },
    {
        "X":"BB ",
        "Y":8.2633260712
    },
    {
        "X":"CE ",
        "Y":7.1921008403
    },
    {
        "X":"CH ",
        "Y":7.6664937759
    },
    {
        "X":"CL ",
        "Y":7.0415411777
    },
    {
        "X":"CM ",
        "Y":7.7459749553
    },
    {
        "X":"CS ",
        "Y":7.5227513228
    },
    {
        "X":"DH ",
        "Y":7.5358851675
    },
    {
        "X":"DS ",
        "Y":7.6855345912
    },
    {
        "X":"EE ",
        "Y":7.4861938937
    },
    {
        "X":"EN ",
        "Y":7.2753984064
    },
    {
        "X":"ENT",
        "Y":8.6802860061
    },
    {
        "X":"EC ",
        "Y":7.6536827195
    },
    {
        "X":"ES ",
        "Y":7.8072468564
    },
    {
        "X":"ET ",
        "Y":8.7116564417
    },
    {
        "X":"ETS",
        "Y":0.0
    },
    {
        "X":"GNR",
        "Y":8.2155898876
    },
    {
        "X":"GP ",
        "Y":8.4318885449
    },
    {
        "X":"HS ",
        "Y":7.1463354799
    },
    {
        "X":"LE",
        "Y":7.8181818182
    },
    {
        "X":"DE ",
        "Y":8.1394242804
    },
    {
        "X":"IE ",
        "Y":7.1292152537
    },
    {
        "X":"MA ",
        "Y":6.6453325104
    },
    {
        "X":"ME ",
        "Y":7.7946112251
    },
    {
        "X":"MG ",
        "Y":7.8397374538
    },
    {
        "X":"MM ",
        "Y":7.4226212344
    },
    {
        "X":"MS",
        "Y":8.5160349854
    },
    {
        "X":"PH ",
        "Y":7.5552103735
    },
    {
        "X":"PS ",
        "Y":8.407971864
    },
    {
        "X":"SC ",
        "Y":7.5401069519
    },
    {
        "X":"TD",
        "Y":7.7971014493
    },
    {
        "X":"US ",
        "Y":8.3333333333
    }
]