[
    {
        "X":"AE ",
        "Y":7.7772992146
    },
    {
        "X":"BB ",
        "Y":8.3179419525
    },
    {
        "X":"CE ",
        "Y":7.8129765286
    },
    {
        "X":"CH ",
        "Y":7.4722339975
    },
    {
        "X":"CL ",
        "Y":7.0677297668
    },
    {
        "X":"CM ",
        "Y":8.3451327434
    },
    {
        "X":"CS ",
        "Y":7.8300537531
    },
    {
        "X":"DH ",
        "Y":0.0
    },
    {
        "X":"DS ",
        "Y":8.8245614035
    },
    {
        "X":"EE ",
        "Y":7.9288955461
    },
    {
        "X":"EN ",
        "Y":7.4291870152
    },
    {
        "X":"ENT",
        "Y":8.9361702128
    },
    {
        "X":"EC ",
        "Y":7.5696767001
    },
    {
        "X":"ES ",
        "Y":8.1972010178
    },
    {
        "X":"ET ",
        "Y":8.9731543624
    },
    {
        "X":"ETS",
        "Y":0.0
    },
    {
        "X":"GNR",
        "Y":8.5103211009
    },
    {
        "X":"GP ",
        "Y":8.6790875849
    },
    {
        "X":"HS ",
        "Y":7.9679499336
    },
    {
        "X":"LE",
        "Y":0.0
    },
    {
        "X":"DE ",
        "Y":8.2424754819
    },
    {
        "X":"IE ",
        "Y":7.7321521626
    },
    {
        "X":"MA ",
        "Y":7.0694366136
    },
    {
        "X":"ME ",
        "Y":7.9720362347
    },
    {
        "X":"MG ",
        "Y":8.0964684015
    },
    {
        "X":"MM ",
        "Y":7.8300801315
    },
    {
        "X":"MS",
        "Y":0.0
    },
    {
        "X":"PH ",
        "Y":7.8830196317
    },
    {
        "X":"PS ",
        "Y":8.7451274363
    },
    {
        "X":"SC ",
        "Y":7.5254237288
    },
    {
        "X":"TD",
        "Y":8.3833992095
    },
    {
        "X":"US ",
        "Y":8.9746192893
    }
]