[
    {
        "X":"AE ",
        "Y":7.1330143541
    },
    {
        "X":"BB ",
        "Y":8.240167205
    },
    {
        "X":"CE ",
        "Y":7.1795285265
    },
    {
        "X":"CH ",
        "Y":8.3205672291
    },
    {
        "X":"CL ",
        "Y":7.127886136
    },
    {
        "X":"CM ",
        "Y":7.4480712166
    },
    {
        "X":"CS ",
        "Y":7.5536818244
    },
    {
        "X":"DH ",
        "Y":8.3662251656
    },
    {
        "X":"DS ",
        "Y":7.1022530329
    },
    {
        "X":"EE ",
        "Y":7.7442909401
    },
    {
        "X":"EN ",
        "Y":7.2294087923
    },
    {
        "X":"ENT",
        "Y":8.329
    },
    {
        "X":"EC ",
        "Y":7.6461505922
    },
    {
        "X":"ES ",
        "Y":7.8168897703
    },
    {
        "X":"ET ",
        "Y":8.6594982079
    },
    {
        "X":"ETS",
        "Y":9.6
    },
    {
        "X":"GNR",
        "Y":7.7629025999
    },
    {
        "X":"GP ",
        "Y":8.2219774167
    },
    {
        "X":"HS ",
        "Y":7.569439757
    },
    {
        "X":"LE",
        "Y":0.0
    },
    {
        "X":"DE ",
        "Y":8.5256103399
    },
    {
        "X":"IE ",
        "Y":7.0930541708
    },
    {
        "X":"MA ",
        "Y":6.6979203803
    },
    {
        "X":"ME ",
        "Y":7.6144901985
    },
    {
        "X":"MG ",
        "Y":7.8732774542
    },
    {
        "X":"MM ",
        "Y":7.2857142857
    },
    {
        "X":"MS",
        "Y":8.5335793358
    },
    {
        "X":"PH ",
        "Y":7.8171023748
    },
    {
        "X":"PS ",
        "Y":8.3675595238
    },
    {
        "X":"SC ",
        "Y":7.8406779661
    },
    {
        "X":"TD",
        "Y":0.0
    },
    {
        "X":"US ",
        "Y":0.0
    }
]