{
    "departments": [
        "CH",
        "DE",
        "DS",
        "HS",
        "ME",
        "PH",
        "SI",
        "SC"
    ],
    "years": {
        "2020": [
            8.08,
            8.37,
            8.8,
            8.35,
            7.84,
            8.0,
            8.11,
            7.83
        ],
        "2021": [
            8.45,
            8.36,
            8.85,
            7.81,
            7.64,
            7.83,
            7.36,
            7.56
        ],
        "2022": [
            8.11,
            8.2,
            7.72,
            7.88,
            7.94,
            7.86,
            7.34,
            7.91
        ],
        "2023": [
            8.25,
            8.35,
            7.09,
            8.19,
            7.6,
            8.04,
            7.78,
            7.98
        ]
    },
    "x_axis_index": [
        0,
        1,
        2,
        3,
        4,
        5,
        6,
        7
    ]
}