{
    "departments": [
        "AE",
        "CE",
        "CL",
        "CS",
        "DE",
        "EC",
        "EE",
        "EN",
        "ENT",
        "ES",
        "ME",
        "MM",
        "PH",
        "BB",
        "CH"
    ],
    "grades": {
        "2020": [
            7.48,
            8.47,
            7.88,
            6.83,
            8.4,
            6.99,
            7.48,
            8.54,
            8.97,
            8.83,
            8.79,
            8.77,
            8.25,
            8.91,
            0.0
        ],
        "2021": [
            8.36,
            8.17,
            7.36,
            8.55,
            8.35,
            7.36,
            8.29,
            8.55,
            8.88,
            8.47,
            8.69,
            8.22,
            8.25,
            8.59,
            8.66
        ],
        "2022": [
            8.36,
            8.49,
            7.82,
            7.83,
            8.47,
            8.0,
            8.06,
            8.37,
            8.17,
            8.05,
            8.57,
            8.66,
            8.65,
            8.71,
            9.23
        ],
        "2023": [
            8.52,
            8.42,
            8.04,
            6.93,
            8.53,
            7.92,
            8.37,
            8.56,
            8.07,
            8.47,
            8.71,
            8.57,
            8.75,
            7.58,
            9.27
        ]
    },
    "x_axis_index": [
        0,
        1,
        2,
        3,
        4,
        5,
        6,
        7,
        8,
        9,
        10,
        11,
        12,
        13,
        14
    ]
}