{
    "course_codes": [
        "CE 771",
        "EE 659",
        "IE 501",
        "CL 603",
        "SC 607",
        "SI 416"
    ],
    "average_grades": {
        "2020": [
            7.38,
            7.86,
            8.49,
            7.03,
            6.89,
            7.49
        ],
        "2021": [
            6.86,
            7.54,
            8.19,
            7.1,
            6.97,
            6.31
        ],
        "2022": [
            8.61,
            7.85,
            7.78,
            7.41,
            7.09,
            6.94
        ],
        "2023": [
            8.47,
            6.04,
            7.23,
            5.85,
            8.75,
            8.41
        ]
    },
    "total_students": {
        "CE 771": [
            29,
            22,
            18,
            19
        ],
        "EE 659": [
            78,
            26,
            40,
            23
        ],
        "IE 501": [
            63,
            74,
            224,
            91
        ],
        "CL 603": [
            59,
            61,
            90,
            60
        ],
        "SC 607": [
            54,
            37,
            47,
            52
        ],
        "SI 416": [
            70,
            68,
            69,
            125
        ]
    },
    "x_axis_index": [
        0,
        1,
        2,
        3,
        4,
        5
    ]
}