[
    {
        "X":"AE ",
        "Y":0.076007094
    },
    {
        "X":"BB ",
        "Y":0.8346905537
    },
    {
        "X":"CE ",
        "Y":0.5439709882
    },
    {
        "X":"CH ",
        "Y":0.5381303813
    },
    {
        "X":"CL ",
        "Y":0.5325814536
    },
    {
        "X":"CM ",
        "Y":0.5265277046
    },
    {
        "X":"CS ",
        "Y":0.4416285413
    },
    {
        "X":"DH ",
        "Y":0.4415584416
    },
    {
        "X":"DS ",
        "Y":0.4501028807
    },
    {
        "X":"EE ",
        "Y":0.4304996601
    },
    {
        "X":"EN ",
        "Y":0.4073319756
    },
    {
        "X":"ENT",
        "Y":0.4108838568
    },
    {
        "X":"EC ",
        "Y":0.3896103896
    },
    {
        "X":"ES ",
        "Y":0.3725885243
    },
    {
        "X":"ET ",
        "Y":0.371001429
    },
    {
        "X":"ETS",
        "Y":0.371001429
    },
    {
        "X":"GNR",
        "Y":0.3730542136
    },
    {
        "X":"GP ",
        "Y":0.359212575
    },
    {
        "X":"HS ",
        "Y":0.3525811059
    },
    {
        "X":"LE",
        "Y":0.3525437007
    },
    {
        "X":"DE ",
        "Y":0.3310275552
    },
    {
        "X":"IE ",
        "Y":0.3224120871
    },
    {
        "X":"MA ",
        "Y":0.3394339483
    },
    {
        "X":"ME ",
        "Y":0.3268031899
    },
    {
        "X":"MG ",
        "Y":0.3175840681
    },
    {
        "X":"MM ",
        "Y":0.3034419764
    },
    {
        "X":"MS",
        "Y":0.3033773953
    },
    {
        "X":"PH ",
        "Y":0.293694513
    },
    {
        "X":"PS ",
        "Y":0.2922003278
    },
    {
        "X":"SC ",
        "Y":0.2902543778
    },
    {
        "X":"TD",
        "Y":0.2881001477
    },
    {
        "X":"US ",
        "Y":0.2872725152
    }
]