[
    {
        "X":"AE ",
        "Y":0.2848341242
    },
    {
        "X":"BB ",
        "Y":0.2909406982
    },
    {
        "X":"CE ",
        "Y":0.2901523008
    },
    {
        "X":"CH ",
        "Y":0.3099654162
    },
    {
        "X":"CL ",
        "Y":0.3148712548
    },
    {
        "X":"CM ",
        "Y":0.3143686067
    },
    {
        "X":"CS ",
        "Y":0.3337121979
    },
    {
        "X":"DH ",
        "Y":0.334174382
    },
    {
        "X":"DS ",
        "Y":0.3356937066
    },
    {
        "X":"EE ",
        "Y":0.3368857665
    },
    {
        "X":"EN ",
        "Y":0.3334348206
    },
    {
        "X":"ENT",
        "Y":0.335749229
    },
    {
        "X":"EC ",
        "Y":0.3385977217
    },
    {
        "X":"ES ",
        "Y":0.3341850842
    },
    {
        "X":"ET ",
        "Y":0.3343876229
    },
    {
        "X":"ETS",
        "Y":0.3343876229
    },
    {
        "X":"GNR",
        "Y":0.3363928842
    },
    {
        "X":"GP ",
        "Y":0.3341941542
    },
    {
        "X":"HS ",
        "Y":0.3391209364
    },
    {
        "X":"LE",
        "Y":0.3389969892
    },
    {
        "X":"DE ",
        "Y":0.3329205477
    },
    {
        "X":"IE ",
        "Y":0.3312740023
    },
    {
        "X":"MA ",
        "Y":0.3522787461
    },
    {
        "X":"ME ",
        "Y":0.3537554473
    },
    {
        "X":"MG ",
        "Y":0.3514492654
    },
    {
        "X":"MM ",
        "Y":0.3475335433
    },
    {
        "X":"MS",
        "Y":0.3473623409
    },
    {
        "X":"PH ",
        "Y":0.3509304654
    },
    {
        "X":"PS ",
        "Y":0.351108101
    },
    {
        "X":"SC ",
        "Y":0.351093482
    },
    {
        "X":"TD",
        "Y":0.3510007541
    },
    {
        "X":"US ",
        "Y":0.3509926931
    }
]