[
    {
        "X":"AE ",
        "Y":0.3494757863
    },
    {
        "X":"BB ",
        "Y":0.3490277219
    },
    {
        "X":"CE ",
        "Y":0.3494771551
    },
    {
        "X":"CH ",
        "Y":0.350203567
    },
    {
        "X":"CL ",
        "Y":0.3495978742
    },
    {
        "X":"CM ",
        "Y":0.3493770325
    },
    {
        "X":"CS ",
        "Y":0.3571347331
    },
    {
        "X":"DH ",
        "Y":0.35914214
    },
    {
        "X":"DS ",
        "Y":0.3597915924
    },
    {
        "X":"EE ",
        "Y":0.3599772808
    },
    {
        "X":"EN ",
        "Y":0.358096209
    },
    {
        "X":"ENT",
        "Y":0.3605123379
    },
    {
        "X":"EC ",
        "Y":0.3593739396
    },
    {
        "X":"ES ",
        "Y":0.3562061643
    },
    {
        "X":"ET ",
        "Y":0.3558775756
    },
    {
        "X":"ETS",
        "Y":0.3558718861
    },
    {
        "X":"GNR",
        "Y":0.3574033552
    },
    {
        "X":"GP ",
        "Y":0.355357399
    },
    {
        "X":"HS ",
        "Y":0.3576408146
    },
    {
        "X":"LE",
        "Y":0.3576326584
    },
    {
        "X":"DE ",
        "Y":0.3519171067
    },
    {
        "X":"IE ",
        "Y":0.3512729077
    },
    {
        "X":"MA ",
        "Y":0.3578636076
    },
    {
        "X":"ME ",
        "Y":0.3588408124
    },
    {
        "X":"MG ",
        "Y":0.3566816488
    },
    {
        "X":"MM ",
        "Y":0.3528360686
    },
    {
        "X":"MS",
        "Y":0.3537296761
    },
    {
        "X":"PH ",
        "Y":0.3529716093
    },
    {
        "X":"PS ",
        "Y":0.3528575633
    },
    {
        "X":"SC ",
        "Y":0.3525508663
    },
    {
        "X":"TD",
        "Y":0.3525508663
    },
    {
        "X":"US ",
        "Y":0.3525508663
    }
]