[
    {
        "X":"AE ",
        "Y":0.2840683816
    },
    {
        "X":"BB ",
        "Y":0.2855622681
    },
    {
        "X":"CE ",
        "Y":0.2835520644
    },
    {
        "X":"CH ",
        "Y":0.3019442116
    },
    {
        "X":"CL ",
        "Y":0.3061804551
    },
    {
        "X":"CM ",
        "Y":0.3058774578
    },
    {
        "X":"CS ",
        "Y":0.2957817605
    },
    {
        "X":"DH ",
        "Y":0.2955228799
    },
    {
        "X":"DS ",
        "Y":0.2950277038
    },
    {
        "X":"EE ",
        "Y":0.3078410022
    },
    {
        "X":"EN ",
        "Y":0.302968724
    },
    {
        "X":"ENT",
        "Y":0.3024442998
    },
    {
        "X":"EC ",
        "Y":0.3064383506
    },
    {
        "X":"ES ",
        "Y":0.2984369257
    },
    {
        "X":"ET ",
        "Y":0.297850411
    },
    {
        "X":"ETS",
        "Y":0.297850411
    },
    {
        "X":"GNR",
        "Y":0.2987194029
    },
    {
        "X":"GP ",
        "Y":0.2942656579
    },
    {
        "X":"HS ",
        "Y":0.2861407285
    },
    {
        "X":"LE",
        "Y":0.2860793932
    },
    {
        "X":"DE ",
        "Y":0.2786331718
    },
    {
        "X":"IE ",
        "Y":0.2781497479
    },
    {
        "X":"MA ",
        "Y":0.2773512117
    },
    {
        "X":"ME ",
        "Y":0.2789152672
    },
    {
        "X":"MG ",
        "Y":0.2759388884
    },
    {
        "X":"MM ",
        "Y":0.2709058291
    },
    {
        "X":"MS",
        "Y":0.2708960559
    },
    {
        "X":"PH ",
        "Y":0.2883283909
    },
    {
        "X":"PS ",
        "Y":0.2875121373
    },
    {
        "X":"SC ",
        "Y":0.286579771
    },
    {
        "X":"TD",
        "Y":0.286579771
    },
    {
        "X":"US ",
        "Y":0.286579771
    }
]