{
    "departments": [
        "AE",
        "BB",
        "CE",
        "CH",
        "CL",
        "CS",
        "DE",
        "DS",
        "EE",
        "EN",
        "ENT",
        "ES",
        "GNR",
        "GP",
        "GS",
        "HS",
        "IE",
        "MA",
        "ME",
        "MM",
        "PH",
        "PS",
        "SOM",
        "SI",
        "SC"
    ],
    "years": {
        "2020": [
            "7.790",
            "8.731",
            "7.955",
            "8.082",
            "7.528",
            "8.118",
            "8.367",
            "8.797",
            "8.042",
            "7.482",
            "8.617",
            "8.180",
            "8.666",
            "8.870",
            "8.515",
            "8.352",
            "8.128",
            "8.041",
            "7.844",
            "8.313",
            "7.999",
            "8.955",
            "8.152",
            "8.112",
            "7.831"
        ],
        "2021": [
            "7.322",
            "8.491",
            "7.595",
            "8.455",
            "7.076",
            "7.791",
            "8.356",
            "8.847",
            "7.842",
            "7.337",
            "8.385",
            "8.054",
            "8.082",
            "8.189",
            "8.444",
            "7.806",
            "7.508",
            "7.628",
            "7.645",
            "7.940",
            "7.833",
            "8.528",
            "8.066",
            "7.361",
            "7.557"
        ],
        "2022": [
            "7.087",
            "8.427",
            "7.594",
            "8.115",
            "7.304",
            "7.794",
            "8.204",
            "7.724",
            "7.765",
            "7.442",
            "8.311",
            "7.835",
            "8.557",
            "8.306",
            "8.642",
            "7.885",
            "7.764",
            "7.563",
            "7.936",
            "7.940",
            "7.857",
            "8.456",
            "7.845",
            "7.339",
            "7.913"
        ],
        "2023": [
            "7.026",
            "8.366",
            "7.627",
            "8.254",
            "7.182",
            "7.909",
            "8.351",
            "7.089",
            "7.735",
            "7.407",
            "8.278",
            "7.961",
            "7.920",
            "8.108",
            "8.423",
            "8.187",
            "7.621",
            "7.506",
            "7.599",
            "7.990",
            "8.040",
            "8.467",
            "7.787",
            "7.779",
            "7.975"
        ]
    },
    "colors": {
        "2020": [
            "rgb(255, 255, 100)",
            "rgb(144, 238, 144)",
            "rgb(255, 255, 100)",
            "rgb(144, 238, 144)",
            "rgb(255, 120, 100)",
            "rgb(144, 238, 144)",
            "rgb(144, 238, 144)",
            "rgb(144, 238, 144)",
            "rgb(144, 238, 144)",
            "rgb(255, 120, 100)",
            "rgb(144, 238, 144)",
            "rgb(144, 238, 144)",
            "rgb(144, 238, 144)",
            "rgb(144, 238, 144)",
            "rgb(144, 238, 144)",
            "rgb(144, 238, 144)",
            "rgb(144, 238, 144)",
            "rgb(144, 238, 144)",
            "rgb(255, 255, 100)",
            "rgb(144, 238, 144)",
            "rgb(255, 255, 100)",
            "rgb(144, 238, 144)",
            "rgb(144, 238, 144)",
            "rgb(144, 238, 144)",
            "rgb(255, 255, 100)"
        ],
        "2021": [
            "rgb(255, 120, 100)",
            "rgb(144, 238, 144)",
            "rgb(255, 120, 100)",
            "rgb(144, 238, 144)",
            "rgb(255, 120, 100)",
            "rgb(255, 255, 100)",
            "rgb(144, 238, 144)",
            "rgb(144, 238, 144)",
            "rgb(255, 255, 100)",
            "rgb(255, 120, 100)",
            "rgb(144, 238, 144)",
            "rgb(144, 238, 144)",
            "rgb(144, 238, 144)",
            "rgb(144, 238, 144)",
            "rgb(144, 238, 144)",
            "rgb(255, 255, 100)",
            "rgb(255, 120, 100)",
            "rgb(255, 120, 100)",
            "rgb(255, 120, 100)",
            "rgb(255, 255, 100)",
            "rgb(255, 255, 100)",
            "rgb(144, 238, 144)",
            "rgb(144, 238, 144)",
            "rgb(255, 120, 100)",
            "rgb(255, 120, 100)"
        ],
        "2022": [
            "rgb(255, 120, 100)",
            "rgb(144, 238, 144)",
            "rgb(255, 120, 100)",
            "rgb(144, 238, 144)",
            "rgb(255, 120, 100)",
            "rgb(255, 255, 100)",
            "rgb(144, 238, 144)",
            "rgb(255, 255, 100)",
            "rgb(255, 255, 100)",
            "rgb(255, 120, 100)",
            "rgb(144, 238, 144)",
            "rgb(255, 255, 100)",
            "rgb(144, 238, 144)",
            "rgb(144, 238, 144)",
            "rgb(144, 238, 144)",
            "rgb(255, 255, 100)",
            "rgb(255, 255, 100)",
            "rgb(255, 120, 100)",
            "rgb(255, 255, 100)",
            "rgb(255, 255, 100)",
            "rgb(255, 255, 100)",
            "rgb(144, 238, 144)",
            "rgb(255, 255, 100)",
            "rgb(255, 120, 100)",
            "rgb(255, 255, 100)"
        ],
        "2023": [
            "rgb(255, 120, 100)",
            "rgb(144, 238, 144)",
            "rgb(255, 120, 100)",
            "rgb(144, 238, 144)",
            "rgb(255, 120, 100)",
            "rgb(255, 255, 100)",
            "rgb(144, 238, 144)",
            "rgb(255, 120, 100)",
            "rgb(255, 255, 100)",
            "rgb(255, 120, 100)",
            "rgb(144, 238, 144)",
            "rgb(255, 255, 100)",
            "rgb(255, 255, 100)",
            "rgb(144, 238, 144)",
            "rgb(144, 238, 144)",
            "rgb(144, 238, 144)",
            "rgb(255, 120, 100)",
            "rgb(255, 120, 100)",
            "rgb(255, 120, 100)",
            "rgb(255, 255, 100)",
            "rgb(144, 238, 144)",
            "rgb(144, 238, 144)",
            "rgb(255, 255, 100)",
            "rgb(255, 255, 100)",
            "rgb(255, 255, 100)"
        ]
    }
}